2008-05-24,320001.0
2008-05-25,320001.826375
2008-05-26,320002.969334
2008-05-27,320003.513974
2008-05-28,320004.112301
2008-05-29,320003.839416
2008-05-30,320001.724437
2008-05-31,320002.359742
2008-06-01,320001.088397
2008-06-02,319999.79045
2008-06-03,320001.041768
2008-06-04,319999.941778
2008-06-05,319999.233149
2008-06-06,319998.615459
2008-06-07,319998.435646
2008-06-08,319996.047231
2008-06-09,319994.920624
2008-06-10,319993.473002
2008-06-11,319991.402472
2008-06-12,319990.131391
2008-06-13,319987.155813
2008-06-14,319984.616558
2008-06-15,319981.78136
2008-06-16,319978.377516
2008-06-17,319976.225033
2008-06-18,319971.967499
2008-06-19,319970.486599
2008-06-20,319967.765268
2008-06-21,319964.748213
2008-06-22,319965.388597
2008-06-23,319961.287583
2008-06-24,319958.25853
2008-06-25,319957.907367
2008-06-26,319953.375066
2008-06-27,319951.801079
2008-06-28,319950.798536
2008-06-29,319948.243579
2008-06-30,319946.20231
2008-07-01,319945.39702
2008-07-02,319942.668387
2008-07-03,319940.393962
2008-07-04,319939.591226
2008-07-05,319937.719785
2008-07-06,319934.872211
2008-07-07,319933.059159
2008-07-08,319930.530892
2008-07-09,319927.798232
2008-07-10,319924.546355
2008-07-11,319921.817325
2008-07-12,319920.29886
2008-07-13,319916.008275
2008-07-14,319913.209379
2008-07-15,319913.189096
2008-07-16,319908.883765
2008-07-17,319905.519541
2008-07-18,319905.176371
2008-07-19,319901.373963
2008-07-20,319899.312254
2008-07-21,319896.964386
2008-07-22,319893.654945
2008-07-23,319891.711181
2008-07-24,319889.313917
2008-07-25,319885.638248
2008-07-26,319883.863442
2008-07-27,319882.692356
2008-07-28,319879.600099
2008-07-29,319878.072467
2008-07-30,319877.123742
2008-07-31,319874.22283
2008-08-01,319872.089532
2008-08-02,319871.247906
2008-08-03,319870.156184
2008-08-04,319868.962961
2008-08-05,319867.888253
2008-08-06,319868.026564
2008-08-07,319867.892377
2008-08-08,319868.256234
2008-08-09,319866.488393
2008-08-10,319866.55033
2008-08-11,319868.484323
2008-08-12,319868.915828
2008-08-13,319869.119874
2008-08-14,319870.130874
2008-08-15,319869.725003
2008-08-16,319869.916828
2008-08-17,319870.609394
2008-08-18,319870.769561
2008-08-19,319870.803607
2008-08-20,319870.714787
2008-08-21,319870.595388
2008-08-22,319870.398229
2008-08-23,319869.799165
2008-08-24,319868.215355
2008-08-25,319867.71452
2008-08-26,319866.484412
2008-08-27,319864.756996
2008-08-28,319863.116758
2008-08-29,319862.463764
2008-08-30,319861.256988
2008-08-31,319857.412014
2008-09-01,319857.540676
2008-09-02,319856.293695
2008-09-03,319853.596999
2008-09-04,319854.037729
2008-09-05,319853.522597
2008-09-06,319850.192096
2008-09-07,319851.841219
2008-09-08,319850.480875
2008-09-09,319847.58713
2008-09-10,319849.408872
2008-09-11,319846.435185
2008-09-12,319845.57009
2008-09-13,319846.057705
2008-09-14,319843.10043
2008-09-15,319844.755845
2008-09-16,319843.35078
2008-09-17,319839.274612
2008-09-18,319840.632628
2008-09-19,319838.145274
2008-09-20,319833.937797
2008-09-21,319834.36403
2008-09-22,319832.278634
2008-09-23,319828.612439
2008-09-24,319829.121255
2008-09-25,319825.732884
2008-09-26,319824.051202
2008-09-27,319822.222891
2008-09-28,319819.384288
2008-09-29,319819.474386
2008-09-30,319817.203296
2008-10-01,319815.805998
2008-10-02,319814.52008
2008-10-03,319811.131488
2008-10-04,319807.873014
2008-10-05,319805.824534
2008-10-06,319804.312801
2008-10-07,319801.748096
2008-10-08,319800.528439
2008-10-09,319801.995233
2008-10-10,319800.123278
2008-10-11,319798.921488
2008-10-12,319800.079831
2008-10-13,319799.502165
2008-10-14,319798.650918
2008-10-15,319799.803394
2008-10-16,319799.035332
2008-10-17,319798.343605
2008-10-18,319800.625361
2008-10-19,319799.584053
2008-10-20,319799.516626
2008-10-21,319801.074291
2008-10-22,319800.51325
2008-10-23,319799.694355
2008-10-24,319801.039321
2008-10-25,319800.550116
2008-10-26,319800.931907
2008-10-27,319801.685207
2008-10-28,319802.407513
2008-10-29,319804.2459
2008-10-30,319805.407642
2008-10-31,319806.367349
2008-11-01,319808.267848
2008-11-02,319810.241612
2008-11-03,319811.196564
2008-11-04,319814.176916
2008-11-05,319817.095525
2008-11-06,319818.435093
2008-11-07,319820.776773
2008-11-08,319824.67106
2008-11-09,319825.240259
2008-11-10,319826.949569
2008-11-11,319829.068456
2008-11-12,319829.276586
2008-11-13,319831.990013
2008-11-14,319834.376179
2008-11-15,319835.133599
2008-11-16,319838.060922
2008-11-17,319841.49466
2008-11-18,319842.142929
2008-11-19,319845.337208
2008-11-20,319848.821895
2008-11-21,319849.651394
2008-11-22,319851.799924
2008-11-23,319853.346591
2008-11-24,319852.930638
2008-11-25,319854.28077
2008-11-26,319856.239005
2008-11-27,319856.585219
2008-11-28,319859.557288
2008-11-29,319860.988427
2008-11-30,319862.513405
2008-12-01,319864.172141
2008-12-02,319866.449672
2008-12-03,319868.037258
2008-12-04,319870.85681
2008-12-05,319873.03681
2008-12-06,319872.270797
2008-12-07,319875.582796
2008-12-08,319878.207305
2008-12-09,319876.381448
2008-12-10,319878.219851
2008-12-11,319880.872233
2008-12-12,319880.276024
2008-12-13,319883.700576
2008-12-14,319887.228648
2008-12-15,319887.273252
2008-12-16,319888.770355
2008-12-17,319891.468995
2008-12-18,319891.691151
2008-12-19,319893.218997
2008-12-20,319897.003068
2008-12-21,319896.594791
2008-12-22,319899.099721
2008-12-23,319904.321552
2008-12-24,319903.862919
2008-12-25,319905.776512
2008-12-26,319910.866975
2008-12-27,319912.122922
2008-12-28,319913.977484
2008-12-29,319918.401542
2008-12-30,319918.529008
2008-12-31,319921.220562
2009-01-01,319924.311673
2009-01-02,319924.897692
2009-01-03,319927.119847
2009-01-04,319930.6176
2009-01-05,319931.001948
2009-01-06,319932.223207
2009-01-07,319935.074462
2009-01-08,319936.74115
2009-01-09,319937.908333
2009-01-10,319942.23415
2009-01-11,319944.562834
2009-01-12,319945.757231
2009-01-13,319949.448572
2009-01-14,319952.105987
2009-01-15,319954.789734
2009-01-16,319960.316552
2009-01-17,319964.164259
2009-01-18,319967.956526
2009-01-19,319973.746744
2009-01-20,319978.681875
2009-01-21,319981.246837
2009-01-22,319987.488219
2009-01-23,319991.960402
2009-01-24,319996.042517
2009-01-25,320003.229856
2009-01-26,320007.982629
2009-01-27,320010.983367
2009-01-28,320016.534575
2009-01-29,320019.670375
2009-01-30,320024.057314
2009-01-31,320029.05861
2009-02-01,320030.414326
2009-02-02,320033.958357
2009-02-03,320036.673568
2009-02-04,320038.455714
2009-02-05,320043.152931
2009-02-06,320048.840201
2009-02-07,320051.715923
2009-02-08,320055.460077
2009-02-09,320059.443678
2009-02-10,320061.111068
2009-02-11,320065.609084
2009-02-12,320069.362976
2009-02-13,320071.021585
2009-02-14,320074.677707
2009-02-15,320077.103706
2009-02-16,320077.65343
2009-02-17,320080.636522
2009-02-18,320083.10325
2009-02-19,320083.002283
2009-02-20,320085.053603
2009-02-21,320088.047482
2009-02-22,320087.743551
2009-02-23,320090.13479
2009-02-24,320090.285022
2009-02-25,320088.472705
2009-02-26,320089.820305
2009-02-27,320090.908986
2009-02-28,320089.37237
2009-03-01,320091.621827
2009-03-02,320093.129768
2009-03-03,320093.304754
2009-03-04,320097.622258
2009-03-05,320099.902613
2009-03-06,320100.251873
2009-03-07,320104.135059
2009-03-08,320106.59479
2009-03-09,320107.604992
2009-03-10,320111.947106
2009-03-11,320114.491945
2009-03-12,320116.681603
2009-03-13,320120.324067
2009-03-14,320123.462851
2009-03-15,320125.179305
2009-03-16,320128.582017
2009-03-17,320131.324475
2009-03-18,320133.935542
2009-03-19,320137.403602
2009-03-20,320139.989096
2009-03-21,320143.599015
2009-03-22,320147.563611
2009-03-23,320149.365099
2009-03-24,320152.545384
2009-03-25,320156.399291
2009-03-26,320160.410917
2009-03-27,320164.810177
2009-03-28,320168.104951
2009-03-29,320170.974861
2009-03-30,320176.340484
2009-03-31,320179.643037
2009-04-01,320181.565608
2009-04-02,320185.558276
2009-04-03,320189.528152
2009-04-04,320192.498356
2009-04-05,320196.107723
2009-04-06,320198.830424
2009-04-07,320201.029097
2009-04-08,320203.889423
2009-04-09,320205.079799
2009-04-10,320206.960301
2009-04-11,320208.585549
2009-04-12,320209.631074
2009-04-13,320210.16293
2009-04-14,320212.154386
2009-04-15,320212.807384
2009-04-16,320214.315268
2009-04-17,320216.437319
2009-04-18,320217.187501
2009-04-19,320217.637154
2009-04-20,320219.743497
2009-04-21,320219.298646
2009-04-22,320218.838096
2009-04-23,320220.209443
2009-04-24,320218.191955
2009-04-25,320220.476718
2009-04-26,320221.247702
2009-04-27,320217.844209
2009-04-28,320220.930105
2009-04-29,320221.92329
2009-04-30,320220.063045
2009-05-01,320222.820275
2009-05-02,320222.200001
2009-05-03,320221.666902
2009-05-04,320223.220313
2009-05-05,320221.730289
2009-05-06,320220.93563
2009-05-07,320221.641822
2009-05-08,320220.872435
2009-05-09,320221.887187
2009-05-10,320223.436716
2009-05-11,320222.147941
2009-05-12,320223.197355
2009-05-13,320224.936705
2009-05-14,320222.153182
2009-05-15,320220.323907
2009-05-16,320219.169737
2009-05-17,320216.519893
2009-05-18,320214.489334
2009-05-19,320213.133738
2009-05-20,320211.332638
2009-05-21,320208.737322
2009-05-22,320207.064727
2009-05-23,320204.080083
2009-05-24,320200.653405
2009-05-25,320198.889654
2009-05-26,320195.995365
2009-05-27,320193.499446
2009-05-28,320192.833087
2009-05-29,320189.967011
2009-05-30,320187.994672
2009-05-31,320186.3704
2009-06-01,320183.072658
2009-06-02,320180.74179
2009-06-03,320177.621499
2009-06-04,320173.104473
2009-06-05,320169.873491
2009-06-06,320165.872041
2009-06-07,320160.780543
2009-06-08,320157.149392
2009-06-09,320153.214506
2009-06-10,320148.47603
2009-06-11,320145.634078
2009-06-12,320141.534658
2009-06-13,320136.773082
2009-06-14,320133.967264
2009-06-15,320131.961764
2009-06-16,320128.779301
2009-06-17,320126.375594
2009-06-18,320123.682704
2009-06-19,320120.839582
2009-06-20,320118.075279
2009-06-21,320114.874885
2009-06-22,320111.274165
2009-06-23,320109.166073
2009-06-24,320108.064227
2009-06-25,320104.810577
2009-06-26,320101.463923
2009-06-27,320101.004298
2009-06-28,320098.694664
2009-06-29,320095.296327
2009-06-30,320093.378344
2009-07-01,320090.59735
2009-07-02,320087.65049
2009-07-03,320085.500127
2009-07-04,320083.016862
2009-07-05,320080.611429
2009-07-06,320078.697314
2009-07-07,320075.926616
2009-07-08,320073.07783
2009-07-09,320070.809456
2009-07-10,320068.453494
2009-07-11,320065.781945
2009-07-12,320064.271886
2009-07-13,320063.623242
2009-07-14,320061.736251
2009-07-15,320061.306104
2009-07-16,320061.757776
2009-07-17,320058.569589
2009-07-18,320057.11798
2009-07-19,320056.119729
2009-07-20,320054.871654
2009-07-21,320054.216221
2009-07-22,320052.080195
2009-07-23,320049.72613
2009-07-24,320046.886647
2009-07-25,320043.072306
2009-07-26,320042.775258
2009-07-27,320040.526107
2009-07-28,320038.731345
2009-07-29,320037.212577
2009-07-30,320035.441668
2009-07-31,320033.351146
2009-08-01,320031.7199
2009-08-02,320029.001303
2009-08-03,320023.933669
2009-08-04,320022.3515
2009-08-05,320018.347542
2009-08-06,320015.000191
2009-08-07,320012.960263
2009-08-08,320008.220633
2009-08-09,320004.515472
2009-08-10,320003.155998
2009-08-11,319999.333231
2009-08-12,319994.051997
2009-08-13,319993.401373
2009-08-14,319989.809485
2009-08-15,319988.051235
2009-08-16,319986.315564
2009-08-17,319984.221453
2009-08-18,319982.496754
2009-08-19,319979.660436
2009-08-20,319977.43365
2009-08-21,319975.263015
2009-08-22,319972.80599
2009-08-23,319969.046189
2009-08-24,319967.903131
2009-08-25,319964.92567
2009-08-26,319962.662665
2009-08-27,319960.46684
2009-08-28,319959.810362
2009-08-29,319956.902523
2009-08-30,319954.904997
2009-08-31,319952.436056
2009-09-01,319949.262
2009-09-02,319947.442441
2009-09-03,319945.753147
2009-09-04,319943.912851
2009-09-05,319941.247434
2009-09-06,319939.637208
2009-09-07,319937.234581
2009-09-08,319935.362162
2009-09-09,319933.939574
2009-09-10,319931.584533
2009-09-11,319931.450285
2009-09-12,319930.924269
2009-09-13,319929.29431
2009-09-14,319928.663633
2009-09-15,319927.009015
2009-09-16,319926.054668
2009-09-17,319923.808752
2009-09-18,319922.660132
2009-09-19,319923.236943
2009-09-20,319920.232169
2009-09-21,319920.523272
2009-09-22,319919.879361
2009-09-23,319917.61694
2009-09-24,319917.346109
2009-09-25,319915.629619
2009-09-26,319914.142623
2009-09-27,319912.478003
2009-09-28,319911.62181
2009-09-29,319910.016063
2009-09-30,319907.414078
2009-10-01,319906.053625
2009-10-02,319904.585816
2009-10-03,319903.091521
2009-10-04,319900.932017
2009-10-05,319900.422759
2009-10-06,319897.644936
2009-10-07,319895.174162
2009-10-08,319891.687918
2009-10-09,319890.137424
2009-10-10,319885.865203
2009-10-11,319882.119009
2009-10-12,319879.849737
2009-10-13,319876.879244
2009-10-14,319873.622699
2009-10-15,319871.911836
2009-10-16,319868.993657
2009-10-17,319865.462885
2009-10-18,319864.7675
2009-10-19,319863.404368
2009-10-20,319860.468445
2009-10-21,319859.877779
2009-10-22,319858.613436
2009-10-23,319855.333803
2009-10-24,319855.279029
2009-10-25,319855.554009
2009-10-26,319852.284354
2009-10-27,319851.951198
2009-10-28,319852.108598
2009-10-29,319848.779905
2009-10-30,319849.761973
2009-10-31,319848.943636
2009-11-01,319846.655975
2009-11-02,319847.109414
2009-11-03,319846.291493
2009-11-04,319844.331894
2009-11-05,319845.91607
2009-11-06,319845.743317
2009-11-07,319845.819873
2009-11-08,319848.414309
2009-11-09,319847.096484
2009-11-10,319846.639951
2009-11-11,319848.798228
2009-11-12,319848.996704
2009-11-13,319848.811531
2009-11-14,319851.859277
2009-11-15,319851.285196
2009-11-16,319850.796175
2009-11-17,319853.01405
2009-11-18,319852.852781
2009-11-19,319853.18895
2009-11-20,319854.323859
2009-11-21,319855.915036
2009-11-22,319856.426687
2009-11-23,319857.243403
2009-11-24,319858.442329
2009-11-25,319860.340486
2009-11-26,319861.478416
2009-11-27,319862.768264
2009-11-28,319863.253139
2009-11-29,319862.177965
2009-11-30,319862.646587
2009-12-01,319862.446312
2009-12-02,319861.073353
2009-12-03,319860.894087
2009-12-04,319859.262775
2009-12-05,319858.425339
2009-12-06,319856.64728
2009-12-07,319855.45896
2009-12-08,319854.948734
2009-12-09,319853.105922
2009-12-10,319850.571655
2009-12-11,319849.764419
2009-12-12,319847.257529
2009-12-13,319845.327727
2009-12-14,319843.339649
2009-12-15,319842.825056
2009-12-16,319841.166151
2009-12-17,319838.54197
2009-12-18,319837.239432
2009-12-19,319835.66873
2009-12-20,319833.148395
2009-12-21,319831.804648
2009-12-22,319829.848409
2009-12-23,319828.137354
2009-12-24,319826.228609
2009-12-25,319824.755317
2009-12-26,319823.659162
2009-12-27,319821.46823
2009-12-28,319820.297201
2009-12-29,319820.450447
2009-12-30,319819.358579
2009-12-31,319817.471602
2010-01-01,319817.359964
2010-01-02,319818.17229
2010-01-03,319817.340868
2010-01-04,319817.725135
2010-01-05,319817.497836
2010-01-06,319817.752981
2010-01-07,319816.631317
2010-01-08,319815.991338
2010-01-09,319815.182847
2010-01-10,319812.570972
2010-01-11,319811.380928
2010-01-12,319810.552579
2010-01-13,319809.058768
2010-01-14,319807.652066
2010-01-15,319805.978808
2010-01-16,319803.234693
2010-01-17,319802.959394
2010-01-18,319801.134683
2010-01-19,319798.640289
2010-01-20,319799.474274
2010-01-21,319796.847127
2010-01-22,319793.669449
2010-01-23,319794.666374
2010-01-24,319789.392753
2010-01-25,319787.008668
2010-01-26,319787.321527
2010-01-27,319781.997745
2010-01-28,319779.983935
2010-01-29,319780.85072
2010-01-30,319775.937008
2010-01-31,319775.927348
2010-02-01,319775.807761
2010-02-02,319769.719706
2010-02-03,319768.685359
2010-02-04,319769.467357
2010-02-05,319764.073854
2010-02-06,319764.876173
2010-02-07,319765.595787
2010-02-08,319761.124644
2010-02-09,319761.566442
2010-02-10,319761.143893
2010-02-11,319757.437454
2010-02-12,319757.110877
2010-02-13,319756.812259
2010-02-14,319754.998027
2010-02-15,319753.313112
2010-02-16,319753.468656
2010-02-17,319752.735933
2010-02-18,319752.564967
2010-02-19,319751.893988
2010-02-20,319749.769789
2010-02-21,319748.990225
2010-02-22,319748.872682
2010-02-23,319748.111111
2010-02-24,319747.690699
2010-02-25,319746.208351
2010-02-26,319744.642356
2010-02-27,319743.430996
2010-02-28,319742.092827
2010-03-01,319740.649145
2010-03-02,319739.563632
2010-03-03,319739.295242
2010-03-04,319738.884028
2010-03-05,319736.235143
2010-03-06,319734.89168
2010-03-07,319732.326584
2010-03-08,319729.914227
2010-03-09,319727.528879
2010-03-10,319724.849933
2010-03-11,319720.33169
2010-03-12,319718.200855
2010-03-13,319715.97486
2010-03-14,319713.127732
2010-03-15,319709.250044
2010-03-16,319706.043163
2010-03-17,319702.857837
2010-03-18,319698.845767
2010-03-19,319696.016607
2010-03-20,319692.276919
2010-03-21,319687.424556
2010-03-22,319684.913507
2010-03-23,319679.579877
2010-03-24,319675.195424
2010-03-25,319672.009583
2010-03-26,319667.68295
2010-03-27,319663.727105
2010-03-28,319660.787377
2010-03-29,319654.272838
2010-03-30,319651.375631
2010-03-31,319647.72057
2010-04-01,319642.990036
2010-04-02,319640.348415
2010-04-03,319638.420881
2010-04-04,319632.657426
2010-04-05,319630.179112
2010-04-06,319627.980738
2010-04-07,319623.27744
2010-04-08,319622.403031
2010-04-09,319620.293645
2010-04-10,319616.201926
2010-04-11,319614.209216
2010-04-12,319612.518739
2010-04-13,319609.533544
2010-04-14,319607.441568
2010-04-15,319605.379313
2010-04-16,319601.616892
2010-04-17,319600.283074
2010-04-18,319598.133855
2010-04-19,319596.486481
2010-04-20,319597.315923
2010-04-21,319596.191152
2010-04-22,319594.669465
2010-04-23,319593.37719
2010-04-24,319592.765465
2010-04-25,319589.986058
2010-04-26,319588.671559
2010-04-27,319588.040687
2010-04-28,319585.01651
2010-04-29,319585.185388
2010-04-30,319584.363186
2010-05-01,319581.634525
2010-05-02,319580.666561
2010-05-03,319577.973564
2010-05-04,319576.582029
2010-05-05,319576.964059
2010-05-06,319574.983554
2010-05-07,319574.073945
2010-05-08,319572.706121
2010-05-09,319570.613482
2010-05-10,319569.701621
2010-05-11,319569.194373
2010-05-12,319568.069626
2010-05-13,319567.134577
2010-05-14,319566.366937
2010-05-15,319564.771679
2010-05-16,319565.181624
2010-05-17,319563.99543
2010-05-18,319563.897326
2010-05-19,319564.313181
2010-05-20,319563.360347
2010-05-21,319561.09614
2010-05-22,319560.96402
2010-05-23,319558.360982
2010-05-24,319556.02187
2010-05-25,319555.327195
2010-05-26,319550.9054
2010-05-27,319550.037427
2010-05-28,319549.597545
2010-05-29,319544.073262
2010-05-30,319543.339326
2010-05-31,319541.338369
2010-06-01,319537.299677
2010-06-02,319535.893267
2010-06-03,319534.577925
2010-06-04,319531.644355
2010-06-05,319530.63103
2010-06-06,319528.948424
2010-06-07,319526.238766
2010-06-08,319524.358194
2010-06-09,319523.123717
2010-06-10,319521.415576
2010-06-11,319521.119246
2010-06-12,319518.715634
2010-06-13,319518.390561
2010-06-14,319517.967877
2010-06-15,319513.28448
2010-06-16,319514.221598
2010-06-17,319513.932565
2010-06-18,319511.451776
2010-06-19,319510.67512
2010-06-20,319511.183002
2010-06-21,319509.80319
2010-06-22,319509.227537
2010-06-23,319509.2513
2010-06-24,319507.347302
2010-06-25,319506.726482
2010-06-26,319508.91925
2010-06-27,319507.723244
2010-06-28,319507.106962
2010-06-29,319509.063485
2010-06-30,319509.286581
2010-07-01,319510.237562
2010-07-02,319512.671135
2010-07-03,319514.971223
2010-07-04,319517.527073
2010-07-05,319522.014004
2010-07-06,319523.17015
2010-07-07,319524.760917
2010-07-08,319526.422944
2010-07-09,319526.382217
2010-07-10,319529.745166
2010-07-11,319529.301112
2010-07-12,319530.12735
2010-07-13,319531.169706
2010-07-14,319530.342711
2010-07-15,319530.505046
2010-07-16,319532.541312
2010-07-17,319531.588157
2010-07-18,319531.521105
2010-07-19,319534.388199
2010-07-20,319533.381713
2010-07-21,319533.718076
2010-07-22,319536.450088
2010-07-23,319535.406318
2010-07-24,319536.586839
2010-07-25,319537.990739
2010-07-26,319536.142677
2010-07-27,319537.427337
2010-07-28,319539.551353
2010-07-29,319539.535708
2010-07-30,319540.460689
2010-07-31,319541.160415
2010-08-01,319541.877023
2010-08-02,319543.280438
2010-08-03,319543.939805
2010-08-04,319543.508033
2010-08-05,319542.539778
2010-08-06,319542.913424
2010-08-07,319542.592851
2010-08-08,319542.050316
2010-08-09,319543.183745
2010-08-10,319543.544667
2010-08-11,319542.461836
2010-08-12,319543.408929
2010-08-13,319542.963652
2010-08-14,319544.030498
2010-08-15,319544.995942
2010-08-16,319544.909482
2010-08-17,319544.522088
2010-08-18,319545.834651
2010-08-19,319544.183884
2010-08-20,319543.781039
2010-08-21,319545.341167
2010-08-22,319541.767931
2010-08-23,319541.66093
2010-08-24,319542.919343
2010-08-25,319540.516609
2010-08-26,319539.645864
2010-08-27,319539.01758
2010-08-28,319537.343634
2010-08-29,319537.088491
2010-08-30,319538.123396
2010-08-31,319535.459983
2010-09-01,319534.931972
2010-09-02,319535.488447
2010-09-03,319532.696908
2010-09-04,319533.396098
2010-09-05,319533.995862
2010-09-06,319530.215005
2010-09-07,319530.840505
2010-09-08,319530.635136
2010-09-09,319526.33732
2010-09-10,319525.354611
2010-09-11,319524.261989
2010-09-12,319520.361936
2010-09-13,319517.82188
2010-09-14,319516.844295
2010-09-15,319513.91529
2010-09-16,319513.026377
2010-09-17,319514.741945
2010-09-18,319511.705575
2010-09-19,319513.723701
2010-09-20,319515.039026
2010-09-21,319514.146205
2010-09-22,319515.345698
2010-09-23,319516.276588
2010-09-24,319515.972827
2010-09-25,319516.507838
2010-09-26,319517.95246
2010-09-27,319516.890098
2010-09-28,319516.129499
2010-09-29,319516.282836
2010-09-30,319514.152193
2010-10-01,319513.021777
2010-10-02,319513.353726
2010-10-03,319508.985207
2010-10-04,319508.241699
2010-10-05,319509.967614
2010-10-06,319506.323742
2010-10-07,319504.963769
2010-10-08,319505.407041
2010-10-09,319501.469161
2010-10-10,319500.985711
2010-10-11,319502.153506
2010-10-12,319500.445409
2010-10-13,319500.434974
2010-10-14,319501.643551
2010-10-15,319500.692267
2010-10-16,319500.125618
2010-10-17,319501.456661
2010-10-18,319499.961304
2010-10-19,319501.244153
2010-10-20,319504.554599
2010-10-21,319504.360719
2010-10-22,319505.117543
2010-10-23,319507.844817
2010-10-24,319507.559497
2010-10-25,319507.615667
2010-10-26,319508.47778
2010-10-27,319507.988214
2010-10-28,319508.794308
2010-10-29,319509.235209
2010-10-30,319508.120966
2010-10-31,319508.447154
2010-11-01,319510.206183
2010-11-02,319510.552195
2010-11-03,319510.141537
2010-11-04,319510.925921
2010-11-05,319512.314424
2010-11-06,319512.133463
2010-11-07,319512.828215
2010-11-08,319512.996548
2010-11-09,319513.106203
2010-11-10,319512.108547
2010-11-11,319513.378499
2010-11-12,319512.504399
2010-11-13,319511.977107
2010-11-14,319512.362105
2010-11-15,319511.135463
2010-11-16,319510.303769
2010-11-17,319511.604509
2010-11-18,319509.960634
2010-11-19,319509.129157
2010-11-20,319508.927636
2010-11-21,319508.299746
2010-11-22,319506.569759
2010-11-23,319505.677387
2010-11-24,319505.36423
2010-11-25,319505.722493
2010-11-26,319504.334768
2010-11-27,319502.100238
2010-11-28,319500.59086
2010-11-29,319498.548213
2010-11-30,319495.427626
2010-12-01,319493.909187
2010-12-02,319491.657353
2010-12-03,319487.112547
2010-12-04,319485.060974
2010-12-05,319483.389406
2010-12-06,319479.579512
2010-12-07,319478.524053
2010-12-08,319477.158167
2010-12-09,319474.504871
2010-12-10,319473.099877
2010-12-11,319471.419156
2010-12-12,319466.876906
2010-12-13,319466.465639
2010-12-14,319464.345306
2010-12-15,319460.54891
2010-12-16,319460.248362
2010-12-17,319459.899967
2010-12-18,319456.856344
2010-12-19,319455.813394
2010-12-20,319456.149084
2010-12-21,319454.731338
2010-12-22,319454.495644
2010-12-23,319455.978386
2010-12-24,319454.509685
2010-12-25,319453.892698
2010-12-26,319454.604406
2010-12-27,319454.52989
2010-12-28,319452.824617
2010-12-29,319454.282563
2010-12-30,319456.353981
2010-12-31,319456.852893
2011-01-01,319457.981802
2011-01-02,319459.140082
2011-01-03,319459.876169
2011-01-04,319462.308224
2011-01-05,319464.266548
2011-01-06,319465.33293
2011-01-07,319469.034105
2011-01-08,319470.464028
2011-01-09,319471.61155
2011-01-10,319474.539913
2011-01-11,319475.245936
2011-01-12,319476.653339
2011-01-13,319478.645732
2011-01-14,319478.977041
2011-01-15,319481.206457
2011-01-16,319483.60499
2011-01-17,319484.042148
2011-01-18,319485.957935
2011-01-19,319487.018804
2011-01-20,319486.86551
2011-01-21,319488.009575
2011-01-22,319486.398609
2011-01-23,319486.763751
2011-01-24,319488.830638
2011-01-25,319488.453043
2011-01-26,319489.549228
2011-01-27,319491.818064
2011-01-28,319492.558087
2011-01-29,319493.237951
2011-01-30,319495.972755
2011-01-31,319495.127966
2011-02-01,319496.059562
2011-02-02,319497.477192
2011-02-03,319496.571612
2011-02-04,319497.772784
2011-02-05,319498.820921
2011-02-06,319496.226674
2011-02-07,319499.095498
2011-02-08,319500.131441
2011-02-09,319498.048269
2011-02-10,319500.682051
2011-02-11,319501.482565
2011-02-12,319499.924488
2011-02-13,319502.596749
2011-02-14,319502.552452
2011-02-15,319500.093679
2011-02-16,319501.766922
2011-02-17,319500.711772
2011-02-18,319497.492704
2011-02-19,319499.041133
2011-02-20,319498.109
2011-02-21,319496.396719
2011-02-22,319498.245274
2011-02-23,319498.101971
2011-02-24,319497.631695
2011-02-25,319499.597051
2011-02-26,319501.626354
2011-02-27,319500.749261
2011-02-28,319502.551309
2011-03-01,319504.5121
2011-03-02,319503.857991
2011-03-03,319505.662412
2011-03-04,319507.507145
2011-03-05,319506.936876
2011-03-06,319509.596814
2011-03-07,319510.622888
2011-03-08,319510.767999
2011-03-09,319513.432787
2011-03-10,319514.281806
2011-03-11,319514.377226
2011-03-12,319514.794117
2011-03-13,319513.382682
2011-03-14,319513.122653
2011-03-15,319512.424473
2011-03-16,319510.226244
2011-03-17,319509.780621
2011-03-18,319509.887391
2011-03-19,319507.867738
2011-03-20,319505.72517
2011-03-21,319504.817951
2011-03-22,319504.760177
2011-03-23,319501.943601
2011-03-24,319501.038348
2011-03-25,319499.892433
2011-03-26,319497.441616
2011-03-27,319498.530729
2011-03-28,319498.083845
2011-03-29,319495.763969
2011-03-30,319496.433251
2011-03-31,319497.26469
2011-04-01,319495.092773
2011-04-02,319495.878388
2011-04-03,319497.386915
2011-04-04,319496.237945
2011-04-05,319496.497819
2011-04-06,319498.01011
2011-04-07,319497.153826
2011-04-08,319497.71434
2011-04-09,319499.538966
2011-04-10,319498.949296
2011-04-11,319498.927289
2011-04-12,319501.115985
2011-04-13,319501.200529
2011-04-14,319501.958812
2011-04-15,319503.74865
2011-04-16,319505.479416
2011-04-17,319507.455703
2011-04-18,319508.922598
2011-04-19,319510.250265
2011-04-20,319512.945751
2011-04-21,319514.030712
2011-04-22,319516.238149
2011-04-23,319517.970649
2011-04-24,319518.938049
2011-04-25,319520.737157
2011-04-26,319521.205991
2011-04-27,319522.19261
2011-04-28,319524.793243
2011-04-29,319528.199769
2011-04-30,319529.017396
2011-05-01,319531.45959
2011-05-02,319535.250992
2011-05-03,319535.68324
2011-05-04,319539.74676
2011-05-05,319542.417291
2011-05-06,319543.50529
2011-05-07,319548.932609
2011-05-08,319550.591086
2011-05-09,319552.038446
2011-05-10,319556.675599
2011-05-11,319558.56045
2011-05-12,319559.917767
2011-05-13,319563.116946
2011-05-14,319562.841123
2011-05-15,319563.922202
2011-05-16,319566.446336
2011-05-17,319566.570308
2011-05-18,319568.320927
2011-05-19,319570.697636
2011-05-20,319569.896811
2011-05-21,319569.457436
2011-05-22,319570.908239
2011-05-23,319570.035437
2011-05-24,319570.228638
2011-05-25,319572.508685
2011-05-26,319571.662751
2011-05-27,319571.524558
2011-05-28,319572.84769
2011-05-29,319573.234116
2011-05-30,319572.990148
2011-05-31,319573.762272
2011-06-01,319573.295117
2011-06-02,319571.114434
2011-06-03,319571.48914
2011-06-04,319572.083826
2011-06-05,319570.433572
2011-06-06,319569.987468
2011-06-07,319570.242578
2011-06-08,319568.416281
2011-06-09,319565.893886
2011-06-10,319564.057113
2011-06-11,319562.068949
2011-06-12,319560.858536
2011-06-13,319559.982984
2011-06-14,319558.561262
2011-06-15,319556.275468
2011-06-16,319554.125244
2011-06-17,319553.6808
2011-06-18,319551.095857
2011-06-19,319548.738342
2011-06-20,319548.41705
2011-06-21,319545.58816
2011-06-22,319543.420528
2011-06-23,319540.741339
2011-06-24,319539.582253
2011-06-25,319536.451932
2011-06-26,319533.334862
2011-06-27,319533.841462
2011-06-28,319531.719675
2011-06-29,319531.329863
2011-06-30,319532.316769
2011-07-01,319530.339596
2011-07-02,319530.642253
2011-07-03,319531.671637
2011-07-04,319531.204535
2011-07-05,319531.646665
2011-07-06,319533.117642
2011-07-07,319532.237913
2011-07-08,319533.923399
2011-07-09,319535.315863
2011-07-10,319534.56215
2011-07-11,319536.349785
2011-07-12,319537.517481
2011-07-13,319539.39298
2011-07-14,319540.868185
2011-07-15,319542.388241
2011-07-16,319542.177292
2011-07-17,319543.591052
2011-07-18,319543.99351
2011-07-19,319543.336295
2011-07-20,319545.295731
2011-07-21,319544.316135
2011-07-22,319545.196093
2011-07-23,319547.901784
2011-07-24,319547.431757
2011-07-25,319549.316226
2011-07-26,319550.993534
2011-07-27,319553.299919
2011-07-28,319554.495307
2011-07-29,319557.581882
2011-07-30,319560.46778
2011-07-31,319562.818305
2011-08-01,319564.83779
2011-08-02,319568.608141
2011-08-03,319571.30994
2011-08-04,319573.799008
2011-08-05,319577.394272
2011-08-06,319580.177594
2011-08-07,319582.888774
2011-08-08,319586.091804
2011-08-09,319588.939975
2011-08-10,319591.360353
2011-08-11,319592.257705
2011-08-12,319594.992209
2011-08-13,319597.64704
2011-08-14,319599.083955
2011-08-15,319600.483201
2011-08-16,319603.191599
2011-08-17,319605.279497
2011-08-18,319608.256221
2011-08-19,319610.466499
2011-08-20,319612.028043
2011-08-21,319613.308077
2011-08-22,319614.34204
2011-08-23,319617.437384
2011-08-24,319618.389187
2011-08-25,319618.358171
2011-08-26,319621.957436
2011-08-27,319622.268247
2011-08-28,319621.120968
2011-08-29,319623.059842
2011-08-30,319624.627176
2011-08-31,319623.521569
2011-09-01,319625.358039
2011-09-02,319626.824757
2011-09-03,319627.402649
2011-09-04,319629.718861
2011-09-05,319632.224179
2011-09-06,319631.559652
2011-09-07,319635.121661
2011-09-08,319638.44104
2011-09-09,319639.64282
2011-09-10,319642.330799
2011-09-11,319645.157466
2011-09-12,319646.666181
2011-09-13,319648.114949
2011-09-14,319649.354639
2011-09-15,319648.705203
2011-09-16,319649.312832
2011-09-17,319652.707524
2011-09-18,319650.642806
2011-09-19,319653.18327
2011-09-20,319656.514149
2011-09-21,319653.348828
2011-09-22,319656.527382
2011-09-23,319658.862956
2011-09-24,319655.475927
2011-09-25,319659.590677
2011-09-26,319660.206772
2011-09-27,319657.223134
2011-09-28,319660.577704
2011-09-29,319662.051152
2011-09-30,319661.859281
2011-10-01,319664.689189
2011-10-02,319666.539544
2011-10-03,319666.390769
2011-10-04,319667.30516
2011-10-05,319668.921591
2011-10-06,319668.708463
2011-10-07,319669.045975
2011-10-08,319670.888624
2011-10-09,319670.112877
2011-10-10,319669.527513
2011-10-11,319670.316361
2011-10-12,319667.700631
2011-10-13,319667.443598
2011-10-14,319668.93008
2011-10-15,319666.171965
2011-10-16,319665.974297
2011-10-17,319669.044796
2011-10-18,319667.198054
2011-10-19,319666.820876
2011-10-20,319668.957577
2011-10-21,319668.364552
2011-10-22,319669.466613
2011-10-23,319670.864297
2011-10-24,319669.514337
2011-10-25,319667.756967
2011-10-26,319668.137827
2011-10-27,319666.002883
2011-10-28,319663.148981
2011-10-29,319663.78043
2011-10-30,319661.931692
2011-10-31,319659.633103
2011-11-01,319659.399641
2011-11-02,319659.53354
2011-11-03,319658.483307
2011-11-04,319657.179724
2011-11-05,319658.063917
2011-11-06,319656.018403
2011-11-07,319654.645672
2011-11-08,319655.06634
2011-11-09,319651.752339
2011-11-10,319649.354611
2011-11-11,319650.66305
2011-11-12,319648.273796
2011-11-13,319647.481671
2011-11-14,319647.22749
2011-11-15,319643.744782
2011-11-16,319642.049537
2011-11-17,319643.348763
2011-11-18,319641.131859
2011-11-19,319641.390507
2011-11-20,319641.287401
2011-11-21,319637.915012
2011-11-22,319637.729885
2011-11-23,319638.06173
2011-11-24,319633.595573
2011-11-25,319631.947466
2011-11-26,319629.672196
2011-11-27,319627.137317
2011-11-28,319625.343445
2011-11-29,319622.991843
2011-11-30,319619.391803
2011-12-01,319618.011975
2011-12-02,319617.289988
2011-12-03,319613.54455
2011-12-04,319612.129002
2011-12-05,319611.961746
2011-12-06,319610.056067
2011-12-07,319609.359856
2011-12-08,319610.202571
2011-12-09,319609.279894
2011-12-10,319609.511201
2011-12-11,319609.530528
2011-12-12,319610.882573
2011-12-13,319612.372743
2011-12-14,319612.478566
2011-12-15,319613.547514
2011-12-16,319612.715442
2011-12-17,319614.235571
2011-12-18,319616.27222
2011-12-19,319614.317236
2011-12-20,319613.853582
2011-12-21,319615.731824
2011-12-22,319615.177396
2011-12-23,319614.634274
2011-12-24,319615.339745
2011-12-25,319615.719624
2011-12-26,319614.664298
2011-12-27,319615.435743
2011-12-28,319616.401822
2011-12-29,319615.438453
2011-12-30,319615.195856
2011-12-31,319615.813557
2012-01-01,319615.239149
2012-01-02,319614.88623
2012-01-03,319617.540086
2012-01-04,319618.886828
2012-01-05,319618.478427
2012-01-06,319620.8055
2012-01-07,319621.469759
2012-01-08,319619.621738
2012-01-09,319621.425319
2012-01-10,319621.133532
2012-01-11,319619.444206
2012-01-12,319621.075904
2012-01-13,319622.231033
2012-01-14,319621.705492
2012-01-15,319622.717805
2012-01-16,319624.916729
2012-01-17,319624.968536
2012-01-18,319624.691209
2012-01-19,319625.22681
2012-01-20,319624.293331
2012-01-21,319623.07851
2012-01-22,319623.560623
2012-01-23,319622.068458
2012-01-24,319621.489559
2012-01-25,319621.74851
2012-01-26,319619.157117
2012-01-27,319620.105381
2012-01-28,319621.551108
2012-01-29,319619.868697
2012-01-30,319619.423405
2012-01-31,319621.027561
2012-02-01,319619.750963
2012-02-02,319618.523732
2012-02-03,319619.306415
2012-02-04,319617.348831
2012-02-05,319616.825321
2012-02-06,319616.956885
2012-02-07,319613.535056
2012-02-08,319611.407325
2012-02-09,319610.456739
2012-02-10,319605.165748
2012-02-11,319602.790353
2012-02-12,319601.749916
2012-02-13,319595.669744
2012-02-14,319592.04688
2012-02-15,319589.549799
2012-02-16,319584.43085
2012-02-17,319581.298315
2012-02-18,319579.423952
2012-02-19,319572.883354
2012-02-20,319570.175785
2012-02-21,319568.718363
2012-02-22,319560.860331
2012-02-23,319559.614653
2012-02-24,319557.524717
2012-02-25,319550.90022
2012-02-26,319550.953318
2012-02-27,319548.811192
2012-02-28,319544.857434
2012-02-29,319545.088382
2012-03-01,319543.39054
2012-03-02,319541.320573
2012-03-03,319540.808895
2012-03-04,319540.325301
2012-03-05,319537.658969
2012-03-06,319538.799885
2012-03-07,319538.845491
2012-03-08,319537.572705
2012-03-09,319537.559157
2012-03-10,319538.545376
2012-03-11,319537.316489
2012-03-12,319536.993039
2012-03-13,319537.818666
2012-03-14,319537.520155
2012-03-15,319535.859435
2012-03-16,319538.273219
2012-03-17,319537.855727
2012-03-18,319537.299878
2012-03-19,319540.331818
2012-03-20,319541.333219
2012-03-21,319541.372564
2012-03-22,319544.813493
2012-03-23,319548.433163
2012-03-24,319549.403887
2012-03-25,319552.107255
2012-03-26,319556.909412
2012-03-27,319556.683814
2012-03-28,319559.73029
2012-03-29,319563.338854
2012-03-30,319562.77202
2012-03-31,319565.077905
2012-04-01,319568.233833
2012-04-02,319569.266675
2012-04-03,319571.819834
2012-04-04,319574.122726
2012-04-05,319575.362166
2012-04-06,319578.726748
2012-04-07,319581.328508
2012-04-08,319581.891549
2012-04-09,319583.926511
2012-04-10,319585.416354
2012-04-11,319587.23923
2012-04-12,319589.258818
2012-04-13,319590.524642
2012-04-14,319592.693086
2012-04-15,319593.658869
2012-04-16,319595.0937
2012-04-17,319596.465856
2012-04-18,319597.697096
2012-04-19,319598.64406
2012-04-20,319600.132126
2012-04-21,319600.21881
2012-04-22,319601.950517
2012-04-23,319603.450173
2012-04-24,319603.229022
2012-04-25,319604.836107
2012-04-26,319607.329663
2012-04-27,319606.177155
2012-04-28,319606.837492
2012-04-29,319609.011609
2012-04-30,319606.699827
2012-05-01,319607.234105
2012-05-02,319609.666233
2012-05-03,319608.321367
2012-05-04,319609.392362
2012-05-05,319611.073999
2012-05-06,319608.614518
2012-05-07,319609.013095
2012-05-08,319610.649608
2012-05-09,319607.919484
2012-05-10,319606.883297
2012-05-11,319608.019415
2012-05-12,319604.62149
2012-05-13,319603.841281
2012-05-14,319605.841015
2012-05-15,319603.243382
2012-05-16,319602.725661
2012-05-17,319604.944435
2012-05-18,319602.933445
2012-05-19,319603.01262
2012-05-20,319604.367273
2012-05-21,319602.58784
2012-05-22,319602.03719
2012-05-23,319604.804292
2012-05-24,319602.668402
2012-05-25,319601.981636
2012-05-26,319603.693751
2012-05-27,319602.698394
2012-05-28,319602.381872
2012-05-29,319602.831209
2012-05-30,319602.139779
2012-05-31,319603.118333
2012-06-01,319603.165955
2012-06-02,319603.166719
2012-06-03,319603.668674
2012-06-04,319604.881719
2012-06-05,319605.828205
2012-06-06,319606.518718
2012-06-07,319607.102861
2012-06-08,319607.53214
2012-06-09,319608.174614
2012-06-10,319609.762319
2012-06-11,319610.735975
2012-06-12,319613.076759
2012-06-13,319615.298141
2012-06-14,319615.757015
2012-06-15,319617.969076
2012-06-16,319618.903943
2012-06-17,319620.201286
2012-06-18,319623.742066
2012-06-19,319625.123463
2012-06-20,319625.841905
2012-06-21,319630.274965
2012-06-22,319631.991233
2012-06-23,319633.467537
2012-06-24,319637.189445
2012-06-25,319639.651319
2012-06-26,319642.697478
2012-06-27,319647.751019
2012-06-28,319650.92314
2012-06-29,319653.049494
2012-06-30,319655.597622
2012-07-01,319658.503794
2012-07-02,319660.81959
2012-07-03,319664.129882
2012-07-04,319666.993769
2012-07-05,319669.642474
2012-07-06,319672.51318
2012-07-07,319674.091334
2012-07-08,319676.3324
2012-07-09,319679.052252
2012-07-10,319681.235664
2012-07-11,319685.178684
2012-07-12,319688.240791
2012-07-13,319690.673411
2012-07-14,319694.0036
2012-07-15,319695.869999
2012-07-16,319696.451183
2012-07-17,319700.653693
2012-07-18,319702.921672
2012-07-19,319704.275908
2012-07-20,319707.033364
2012-07-21,319709.943657
2012-07-22,319710.912435
2012-07-23,319713.739764
2012-07-24,319714.773123
2012-07-25,319717.952606
2012-07-26,319719.515338
2012-07-27,319720.201003
2012-07-28,319724.136151
2012-07-29,319725.688782
2012-07-30,319725.605719
2012-07-31,319728.697103
2012-08-01,319730.531612
2012-08-02,319732.204092
2012-08-03,319734.898373
2012-08-04,319734.706349
2012-08-05,319735.886104
2012-08-06,319738.88142
2012-08-07,319738.801446
2012-08-08,319741.403974
2012-08-09,319743.524126
2012-08-10,319743.791441
2012-08-11,319744.441295
2012-08-12,319747.808738
2012-08-13,319748.528295
2012-08-14,319750.201427
2012-08-15,319754.346936
2012-08-16,319758.846837
2012-08-17,319759.927192
2012-08-18,319764.579684
2012-08-19,319768.757588
2012-08-20,319771.493638
2012-08-21,319775.585867
2012-08-22,319780.088748
2012-08-23,319784.170704
2012-08-24,319788.492932
2012-08-25,319792.635403
2012-08-26,319796.992861
2012-08-27,319800.510966
2012-08-28,319805.124485
2012-08-29,319810.257663
2012-08-30,319812.893262
2012-08-31,319817.517307
2012-09-01,319822.113022
2012-09-02,319825.424368
2012-09-03,319829.590845
2012-09-04,319832.326605
2012-09-05,319837.166458
2012-09-06,319841.359745
2012-09-07,319845.89063
2012-09-08,319851.031043
2012-09-09,319855.807177
2012-09-10,319858.42071
2012-09-11,319864.748876
2012-09-12,319870.978165
2012-09-13,319874.005017
2012-09-14,319878.917071
2012-09-15,319884.876815
2012-09-16,319886.308228
2012-09-17,319889.80468
2012-09-18,319894.820345
2012-09-19,319896.453829
2012-09-20,319900.094947
2012-09-21,319904.051566
2012-09-22,319906.427252
2012-09-23,319909.531667
2012-09-24,319912.008509
2012-09-25,319914.978743
2012-09-26,319916.965845
2012-09-27,319918.906661
2012-09-28,319919.517195
2012-09-29,319921.451575
2012-09-30,319923.495978
2012-10-01,319921.55819
2012-10-02,319923.218284
2012-10-03,319925.500565
2012-10-04,319924.395392
2012-10-05,319925.796308
2012-10-06,319927.67549
2012-10-07,319926.2349
2012-10-08,319928.22405
2012-10-09,319928.61383
2012-10-10,319930.336516
2012-10-11,319931.862176
2012-10-12,319932.011059
2012-10-13,319933.303639
2012-10-14,319933.355232
2012-10-15,319933.219697
2012-10-16,319935.260256
2012-10-17,319935.62935
2012-10-18,319936.475135
2012-10-19,319937.440844
2012-10-20,319939.941212
2012-10-21,319942.476192
2012-10-22,319944.970462
2012-10-23,319948.314932
2012-10-24,319951.89992
2012-10-25,319956.03047
2012-10-26,319960.855244
2012-10-27,319965.496575
2012-10-28,319970.217738
2012-10-29,319974.432186
2012-10-30,319980.067041
2012-10-31,319985.373509
2012-11-01,319988.055739
2012-11-02,319992.297941
2012-11-03,319997.565768
2012-11-04,320000.704427
2012-11-05,320005.024756
2012-11-06,320009.185393
2012-11-07,320011.63007
2012-11-08,320014.87699
2012-11-09,320018.553104
2012-11-10,320019.388744
2012-11-11,320023.415456
2012-11-12,320026.414101
2012-11-13,320025.588646
2012-11-14,320029.707608
2012-11-15,320032.181185
2012-11-16,320031.690832
2012-11-17,320033.515782
2012-11-18,320035.992164
2012-11-19,320034.627687
2012-11-20,320036.705996
2012-11-21,320038.230846
2012-11-22,320037.21667
2012-11-23,320037.362448
2012-11-24,320037.45281
2012-11-25,320037.076562
2012-11-26,320036.114258
2012-11-27,320035.447414
2012-11-28,320034.136291
2012-11-29,320033.457138
2012-11-30,320033.167953
2012-12-01,320033.064608
2012-12-02,320033.656306
2012-12-03,320031.948658
2012-12-04,320032.276478
2012-12-05,320032.257562
2012-12-06,320030.209812
2012-12-07,320030.649995
2012-12-08,320030.866031
2012-12-09,320027.503239
2012-12-10,320025.364378
2012-12-11,320026.490258
2012-12-12,320023.547397
2012-12-13,320022.474917
2012-12-14,320023.688545
2012-12-15,320021.266969
2012-12-16,320020.383834
2012-12-17,320021.337774
2012-12-18,320021.096682
2012-12-19,320018.37876
2012-12-20,320017.264401
2012-12-21,320015.801697
2012-12-22,320011.852445
2012-12-23,320012.324255
2012-12-24,320010.574705
2012-12-25,320006.664056
2012-12-26,320006.822357
2012-12-27,320004.971921
2012-12-28,320001.761564
2012-12-29,320004.095556
2012-12-30,320003.966908
2012-12-31,320002.323966
2013-01-01,320003.467696
2013-01-02,320002.951637
2013-01-03,320000.107243
2013-01-04,320000.688541
2013-01-05,319999.813602
2013-01-06,319998.219341
2013-01-07,319998.268228
2013-01-08,319997.731
2013-01-09,319996.350091
2013-01-10,319995.954205
2013-01-11,319994.859921
2013-01-12,319994.150045
2013-01-13,319993.956643
2013-01-14,319993.61963
2013-01-15,319992.685728
2013-01-16,319991.89916
2013-01-17,319990.808549
2013-01-18,319990.504485
2013-01-19,319991.049227
2013-01-20,319990.445074
2013-01-21,319989.035916
2013-01-22,319990.494308
2013-01-23,319989.827393
2013-01-24,319986.891221
2013-01-25,319988.652998
2013-01-26,319987.380547
2013-01-27,319985.96476
2013-01-28,319987.393557
2013-01-29,319986.050823
2013-01-30,319985.229285
2013-01-31,319986.535503
2013-02-01,319983.973351
2013-02-02,319983.632284
2013-02-03,319984.805106
2013-02-04,319983.843779
2013-02-05,319983.852565
2013-02-06,319983.312027
2013-02-07,319983.332974
2013-02-08,319983.39737
2013-02-09,319985.69107
2013-02-10,319985.641402
2013-02-11,319984.900876
2013-02-12,319987.045992
2013-02-13,319988.320229
2013-02-14,319988.812147
2013-02-15,319991.185522
2013-02-16,319995.045748
2013-02-17,319995.28628
2013-02-18,319996.149258
2013-02-19,319997.754127
2013-02-20,319997.33252
2013-02-21,319997.350295
2013-02-22,319999.032997
2013-02-23,319999.093588
2013-02-24,319997.527018
2013-02-25,319998.773222
2013-02-26,319999.195247
2013-02-27,319998.291468
2013-02-28,319999.721227
2013-03-01,320002.251453
2013-03-02,320001.686702
2013-03-03,320001.777645
2013-03-04,320005.064745
2013-03-05,320005.723104
2013-03-06,320007.166663
2013-03-07,320009.677044
2013-03-08,320009.796229
2013-03-09,320011.392956
2013-03-10,320013.989924
2013-03-11,320015.355876
2013-03-12,320017.498566
2013-03-13,320019.278229
2013-03-14,320019.620057
2013-03-15,320020.190489
2013-03-16,320022.933631
2013-03-17,320024.155904
2013-03-18,320026.098337
2013-03-19,320028.451779
2013-03-20,320029.53161
2013-03-21,320030.392259
2013-03-22,320031.005048
2013-03-23,320032.736544
2013-03-24,320031.528645
2013-03-25,320033.308238
2013-03-26,320033.357626
2013-03-27,320034.395578
2013-03-28,320033.629066
2013-03-29,320032.750638
2013-03-30,320033.699831
2013-03-31,320033.502881
2013-04-01,320033.12931
2013-04-02,320033.225041
2013-04-03,320033.089118
2013-04-04,320031.685037
2013-04-05,320031.725813
2013-04-06,320031.405275
2013-04-07,320031.411456
2013-04-08,320031.101745
2013-04-09,320031.793897
2013-04-10,320032.151734
2013-04-11,320029.749841
2013-04-12,320030.187046
2013-04-13,320029.903702
2013-04-14,320026.725532
2013-04-15,320027.797496
2013-04-16,320027.235091
2013-04-17,320026.51138
2013-04-18,320027.146502
2013-04-19,320026.161314
2013-04-20,320024.271436
2013-04-21,320024.991116
2013-04-22,320024.108123
2013-04-23,320022.059033
2013-04-24,320019.985955
2013-04-25,320019.743359
2013-04-26,320017.725275
2013-04-27,320016.160755
2013-04-28,320016.675931
2013-04-29,320016.612176
2013-04-30,320015.330484
2013-05-01,320016.185614
2013-05-02,320016.183721
2013-05-03,320015.265327
2013-05-04,320017.546956
2013-05-05,320018.447287
2013-05-06,320017.458841
2013-05-07,320020.121902
2013-05-08,320019.559495
2013-05-09,320018.942383
2013-05-10,320021.962624
2013-05-11,320022.901732
2013-05-12,320021.414661
2013-05-13,320023.804151
2013-05-14,320023.597431
2013-05-15,320020.403598
2013-05-16,320021.707912
2013-05-17,320020.876395
2013-05-18,320016.894399
2013-05-19,320019.662983
2013-05-20,320018.221916
2013-05-21,320014.966271
2013-05-22,320017.033075
2013-05-23,320015.195529
2013-05-24,320013.878251
2013-05-25,320014.999034
2013-05-26,320013.656926
2013-05-27,320011.333076
2013-05-28,320012.66962
2013-05-29,320014.011748
2013-05-30,320015.077686
2013-05-31,320015.503588
2013-06-01,320016.983558
2013-06-02,320017.207696
2013-06-03,320017.269127
2013-06-04,320016.753831
2013-06-05,320016.204695
2013-06-06,320014.921812
2013-06-07,320013.624165
2013-06-08,320012.864736
2013-06-09,320011.846827
2013-06-10,320010.637093
2013-06-11,320007.642161
2013-06-12,320007.298155
2013-06-13,320005.152792
2013-06-14,320003.369985
2013-06-15,320002.92091
2013-06-16,320001.006396
2013-06-17,319997.084076
2013-06-18,319996.686506
2013-06-19,319993.020748
2013-06-20,319991.093394
2013-06-21,319991.300137
2013-06-22,319988.308389
2013-06-23,319987.15257
2013-06-24,319985.924978
2013-06-25,319983.280116
2013-06-26,319982.839052
2013-06-27,319980.504564
2013-06-28,319977.683365
2013-06-29,319977.583875
2013-06-30,319973.403722
2013-07-01,319972.230898
2013-07-02,319970.982076
2013-07-03,319967.515539
2013-07-04,319966.131799
2013-07-05,319964.729318
2013-07-06,319961.038129
2013-07-07,319959.97385
2013-07-08,319957.143531
2013-07-09,319953.004864
2013-07-10,319952.695011
2013-07-11,319948.005373
2013-07-12,319944.688343
2013-07-13,319942.463957
2013-07-14,319938.800412
2013-07-15,319935.201134
2013-07-16,319933.641184
2013-07-17,319932.345674
2013-07-18,319928.212715
2013-07-19,319926.568535
2013-07-20,319925.042108
2013-07-21,319919.280241
2013-07-22,319916.785579
2013-07-23,319916.175719
2013-07-24,319910.835247
2013-07-25,319908.446869
2013-07-26,319907.208515
2013-07-27,319901.574699
2013-07-28,319898.084787
2013-07-29,319895.931712
2013-07-30,319892.147339
2013-07-31,319889.011544
2013-08-01,319886.672731
2013-08-02,319883.279285
2013-08-03,319879.896412
2013-08-04,319878.605256
2013-08-05,319875.332088
2013-08-06,319872.399547
2013-08-07,319871.873726
2013-08-08,319868.760255
2013-08-09,319866.966909
2013-08-10,319865.824944
2013-08-11,319862.012605
2013-08-12,319859.20554
2013-08-13,319858.92522
2013-08-14,319855.606747
2013-08-15,319853.057546
2013-08-16,319851.904501
2013-08-17,319848.386282
2013-08-18,319844.141986
2013-08-19,319843.232461
2013-08-20,319839.272032
2013-08-21,319834.47513
2013-08-22,319832.24815
2013-08-23,319829.496346
2013-08-24,319824.732674
2013-08-25,319823.178796
2013-08-26,319820.61424
2013-08-27,319816.322047
2013-08-28,319813.769841
2013-08-29,319811.215846
2013-08-30,319806.805816
2013-08-31,319806.450223
2013-09-01,319805.006391
2013-09-02,319801.134264
2013-09-03,319799.447898
2013-09-04,319797.020762
2013-09-05,319794.501655
2013-09-06,319792.12727
2013-09-07,319789.657457
2013-09-08,319789.14965
2013-09-09,319786.697025
2013-09-10,319784.125631
2013-09-11,319782.499234
2013-09-12,319778.955247
2013-09-13,319775.612008
2013-09-14,319773.826617
2013-09-15,319770.97913
2013-09-16,319767.340926
2013-09-17,319765.054286
2013-09-18,319764.652829
2013-09-19,319761.331783
2013-09-20,319758.329761
2013-09-21,319756.537875
2013-09-22,319751.995815
2013-09-23,319748.166231
2013-09-24,319747.219477
2013-09-25,319744.584506
2013-09-26,319738.469189
2013-09-27,319737.789349
2013-09-28,319734.096315
2013-09-29,319728.171638
2013-09-30,319726.535299
2013-10-01,319721.296326
2013-10-02,319716.456903
2013-10-03,319713.693788
2013-10-04,319708.041409
2013-10-05,319702.925049
2013-10-06,319700.662526
2013-10-07,319694.980407
2013-10-08,319692.680903
2013-10-09,319690.332297
2013-10-10,319685.128142
2013-10-11,319682.677098
2013-10-12,319680.921824
2013-10-13,319677.088565
2013-10-14,319674.959866
2013-10-15,319673.788072
2013-10-16,319670.506708
2013-10-17,319669.689495
2013-10-18,319669.86325
2013-10-19,319667.519561
2013-10-20,319666.960957
2013-10-21,319667.664144
2013-10-22,319665.781156
2013-10-23,319665.186097
2013-10-24,319663.81781
2013-10-25,319662.65985
2013-10-26,319661.752615
2013-10-27,319658.819843
2013-10-28,319656.991862
2013-10-29,319656.836378
2013-10-30,319655.22043
2013-10-31,319654.992203
2013-11-01,319653.553679
2013-11-02,319652.962224
2013-11-03,319653.654312
2013-11-04,319651.929493
2013-11-05,319653.088296
2013-11-06,319654.896068
2013-11-07,319653.9759
2013-11-08,319652.745742
2013-11-09,319653.067583
2013-11-10,319653.181935
2013-11-11,319653.158946
2013-11-12,319655.049308
2013-11-13,319654.709093
2013-11-14,319656.294885
2013-11-15,319656.175462
2013-11-16,319655.727411
2013-11-17,319656.892184
2013-11-18,319656.33555
2013-11-19,319654.400883
2013-11-20,319656.197633
2013-11-21,319655.023745
2013-11-22,319652.746362
2013-11-23,319653.38383
2013-11-24,319651.20556
2013-11-25,319650.333534
2013-11-26,319648.917524
2013-11-27,319648.183489
2013-11-28,319647.962334
2013-11-29,319647.430921
2013-11-30,319646.459446
2013-12-01,319647.381104
2013-12-02,319645.780745
2013-12-03,319645.521057
2013-12-04,319645.603534
2013-12-05,319644.626359
2013-12-06,319644.653648
2013-12-07,319644.812789
2013-12-08,319643.353322
2013-12-09,319642.891055
2013-12-10,319642.48837
2013-12-11,319639.563642
2013-12-12,319638.082747
2013-12-13,319638.236329
2013-12-14,319635.417159
2013-12-15,319634.630688
2013-12-16,319634.951478
2013-12-17,319633.714627
2013-12-18,319633.059119
2013-12-19,319634.069265
2013-12-20,319633.423823
2013-12-21,319631.402626
2013-12-22,319631.160932
2013-12-23,319628.643198
2013-12-24,319625.998723
2013-12-25,319626.066288
2013-12-26,319623.448629
2013-12-27,319620.649889
2013-12-28,319621.931305
2013-12-29,319619.404891
2013-12-30,319615.216685
2013-12-31,319615.100803
2014-01-01,319612.299502
2014-01-02,319610.220189
2014-01-03,319608.085662
2014-01-04,319605.330922
2014-01-05,319603.224218
2014-01-06,319600.208576
2014-01-07,319597.561848
2014-01-08,319595.269585
2014-01-09,319592.676634
2014-01-10,319588.71803
2014-01-11,319587.252112
2014-01-12,319582.748247
2014-01-13,319581.851044
2014-01-14,319579.430433
2014-01-15,319576.218693
2014-01-16,319575.015098
2014-01-17,319569.93513
2014-01-18,319564.424809
2014-01-19,319562.931028
2014-01-20,319559.308386
2014-01-21,319553.217734
2014-01-22,319551.600535
2014-01-23,319548.548894
2014-01-24,319542.365862
2014-01-25,319539.399322
2014-01-26,319535.339146
2014-01-27,319528.743799
2014-01-28,319526.855644
2014-01-29,319523.468416
2014-01-30,319518.625991
2014-01-31,319515.523706
2014-02-01,319512.232345
2014-02-02,319508.05817
2014-02-03,319505.289598
2014-02-04,319503.044844
2014-02-05,319500.185719
2014-02-06,319497.281667
2014-02-07,319494.896507
2014-02-08,319492.371967
2014-02-09,319490.89602
2014-02-10,319489.267086
2014-02-11,319487.74368
2014-02-12,319485.827893
2014-02-13,319482.368338
2014-02-14,319479.685097
2014-02-15,319477.064443
2014-02-16,319474.794325
2014-02-17,319472.943615
2014-02-18,319469.929443
2014-02-19,319469.251324
2014-02-20,319467.446594
2014-02-21,319462.905751
2014-02-22,319460.346021
2014-02-23,319460.563358
2014-02-24,319456.642725
2014-02-25,319453.327437
2014-02-26,319452.332332
2014-02-27,319450.132581
2014-02-28,319447.35746
2014-03-01,319446.67547
2014-03-02,319445.389526
2014-03-03,319444.871328
2014-03-04,319443.761178
2014-03-05,319441.926816
2014-03-06,319440.149678
2014-03-07,319439.581392
2014-03-08,319437.478265
2014-03-09,319435.273453
2014-03-10,319434.247783
2014-03-11,319432.152528
2014-03-12,319429.090219
2014-03-13,319427.896719
2014-03-14,319427.168002
2014-03-15,319423.827726
2014-03-16,319423.178415
2014-03-17,319420.389112
2014-03-18,319416.501469
2014-03-19,319412.494548
2014-03-20,319410.058464
2014-03-21,319406.925745
2014-03-22,319401.780592
2014-03-23,319397.387457
2014-03-24,319393.341968
2014-03-25,319389.198146
2014-03-26,319384.212642
2014-03-27,319378.555282
2014-03-28,319374.767089
2014-03-29,319371.864656
2014-03-30,319367.414915
2014-03-31,319363.453713
2014-04-01,319362.991116
2014-04-02,319359.085126
2014-04-03,319356.640432
2014-04-04,319356.39913
2014-04-05,319354.17809
2014-04-06,319352.672501
2014-04-07,319350.412542
2014-04-08,319347.521334
2014-04-09,319345.942903
2014-04-10,319342.496518
2014-04-11,319340.268126
2014-04-12,319339.151625
2014-04-13,319333.943345
2014-04-14,319331.057238
2014-04-15,319331.860995
2014-04-16,319326.86156
2014-04-17,319325.89572
2014-04-18,319325.524691
2014-04-19,319322.6906
2014-04-20,319323.365938
2014-04-21,319322.080887
2014-04-22,319321.56162
2014-04-23,319320.726517
2014-04-24,319320.687827
2014-04-25,319318.759641
2014-04-26,319317.557114
2014-04-27,319318.482157
2014-04-28,319316.704989
2014-04-29,319314.481446
2014-04-30,319314.536819
2014-05-01,319314.490861
2014-05-02,319312.500471
2014-05-03,319310.813631
2014-05-04,319311.184996
2014-05-05,319310.282629
2014-05-06,319309.964058
2014-05-07,319309.916011
2014-05-08,319309.712623
2014-05-09,319308.646332
2014-05-10,319308.536579
2014-05-11,319308.159109
2014-05-12,319305.899209
2014-05-13,319305.506617
2014-05-14,319304.079377
2014-05-15,319302.155942
2014-05-16,319301.491165
2014-05-17,319299.112988
2014-05-18,319296.78222
2014-05-19,319296.469165
2014-05-20,319294.900822
2014-05-21,319293.645025
2014-05-22,319293.310676
2014-05-23,319293.060746
2014-05-24,319292.301368
2014-05-25,319292.388609
2014-05-26,319290.827439
2014-05-27,319290.68685
2014-05-28,319290.508531
2014-05-29,319289.728428
2014-05-30,319290.743909
2014-05-31,319292.054331
2014-06-01,319291.162889
2014-06-02,319293.153269
2014-06-03,319295.570529
2014-06-04,319293.212564
2014-06-05,319294.270448
2014-06-06,319296.54315
2014-06-07,319294.424924
2014-06-08,319294.040876
2014-06-09,319297.07615
2014-06-10,319295.321311
2014-06-11,319295.629311
2014-06-12,319297.457339
2014-06-13,319296.681009
2014-06-14,319296.86117
2014-06-15,319298.801252
2014-06-16,319300.110948
2014-06-17,319301.195505
2014-06-18,319302.96595
2014-06-19,319304.742095
2014-06-20,319305.039624
2014-06-21,319307.007395
2014-06-22,319308.507604
2014-06-23,319307.470183
2014-06-24,319309.502187
2014-06-25,319310.932191
2014-06-26,319311.582348
2014-06-27,319313.161972
2014-06-28,319314.739635
2014-06-29,319316.598088
2014-06-30,319318.445112
2014-07-01,319319.497666
2014-07-02,319322.075442
2014-07-03,319323.766413
2014-07-04,319326.465041
2014-07-05,319328.238108
2014-07-06,319330.84134
2014-07-07,319332.936163
2014-07-08,319334.351138
2014-07-09,319336.787975
2014-07-10,319337.839951
2014-07-11,319339.862724
2014-07-12,319341.089087
2014-07-13,319341.302393
2014-07-14,319340.479159
2014-07-15,319340.845429
2014-07-16,319340.528145
2014-07-17,319340.597528
2014-07-18,319342.748286
2014-07-19,319341.026998
2014-07-20,319342.612189
2014-07-21,319345.038636
2014-07-22,319344.082171
2014-07-23,319348.987766
2014-07-24,319350.139163
2014-07-25,319350.273284
2014-07-26,319355.043791
2014-07-27,319356.058223
2014-07-28,319357.651018
2014-07-29,319363.053074
2014-07-30,319364.018715
2014-07-31,319364.754126
2014-08-01,319368.976547
2014-08-02,319369.979693
2014-08-03,319370.727721
2014-08-04,319373.62638
2014-08-05,319374.695302
2014-08-06,319374.705752
2014-08-07,319376.693436
2014-08-08,319379.51702
2014-08-09,319380.241569
2014-08-10,319382.514848
2014-08-11,319385.421343
2014-08-12,319385.302479
2014-08-13,319388.383533
2014-08-14,319390.411505
2014-08-15,319390.092372
2014-08-16,319392.607871
2014-08-17,319393.25249
2014-08-18,319393.425992
2014-08-19,319394.936694
2014-08-20,319396.864142
2014-08-21,319396.129522
2014-08-22,319397.812073
2014-08-23,319399.182755
2014-08-24,319398.317153
2014-08-25,319400.696411
2014-08-26,319401.219339
2014-08-27,319401.696497
2014-08-28,319402.768122
2014-08-29,319404.46454
2014-08-30,319404.119031
2014-08-31,319405.391485
2014-09-01,319406.917854
2014-09-02,319407.677295
2014-09-03,319408.179757
2014-09-04,319409.70696
2014-09-05,319410.70075
2014-09-06,319413.13572
2014-09-07,319413.143734
2014-09-08,319415.192863
2014-09-09,319416.769731
2014-09-10,319416.467445
2014-09-11,319418.622568
2014-09-12,319420.378917
2014-09-13,319421.584096
2014-09-14,319423.15699
2014-09-15,319424.766344
2014-09-16,319426.717453
2014-09-17,319427.966164
2014-09-18,319429.681598
2014-09-19,319432.430326
2014-09-20,319435.082736
2014-09-21,319436.673941
2014-09-22,319439.986966
2014-09-23,319444.114811
2014-09-24,319445.731916
2014-09-25,319450.686295
2014-09-26,319454.935728
2014-09-27,319458.024931
2014-09-28,319463.806228
2014-09-29,319468.570263
2014-09-30,319471.786986
2014-10-01,319476.625467
2014-10-02,319479.104631
2014-10-03,319481.554904
2014-10-04,319485.633364
2014-10-05,319487.326404
2014-10-06,319491.733038
2014-10-07,319495.194562
2014-10-08,319496.915814
2014-10-09,319500.69433
2014-10-10,319504.491749
2014-10-11,319507.521782
2014-10-12,319511.028275
2014-10-13,319515.125184
2014-10-14,319518.57052
2014-10-15,319520.643759
2014-10-16,319526.373179
2014-10-17,319529.857865
2014-10-18,319532.201713
2014-10-19,319537.360687
2014-10-20,319540.415387
2014-10-21,319545.441129
2014-10-22,319550.12281
2014-10-23,319553.120203
2014-10-24,319556.25908
2014-10-25,319561.512248
2014-10-26,319566.371057
2014-10-27,319568.682346
2014-10-28,319572.976604
2014-10-29,319577.991131
2014-10-30,319581.466265
2014-10-31,319585.802361
2014-11-01,319591.698858
2014-11-02,319595.70737
2014-11-03,319599.472029
2014-11-04,319606.285848
2014-11-05,319610.727137
2014-11-06,319615.823359
2014-11-07,319622.630428
2014-11-08,319626.65581
2014-11-09,319631.155963
2014-11-10,319637.22399
2014-11-11,319642.079386
2014-11-12,319647.468823
2014-11-13,319652.861002
2014-11-14,319655.886012
2014-11-15,319659.923416
2014-11-16,319663.995789
2014-11-17,319668.330507
2014-11-18,319671.659598
2014-11-19,319673.035822
2014-11-20,319674.871947
2014-11-21,319678.05367
2014-11-22,319678.249351
2014-11-23,319679.633302
2014-11-24,319683.14577
2014-11-25,319683.417196
2014-11-26,319685.973691
2014-11-27,319689.773077
2014-11-28,319689.86215
2014-11-29,319692.498716
2014-11-30,319694.96217
2014-12-01,319695.469756
2014-12-02,319698.34059
2014-12-03,319699.995431
2014-12-04,319700.219355
2014-12-05,319701.653954
2014-12-06,319703.723488
2014-12-07,319704.229601
2014-12-08,319705.494065
2014-12-09,319708.436408
2014-12-10,319708.03168
2014-12-11,319711.219266
2014-12-12,319714.489523
2014-12-13,319714.161612
2014-12-14,319717.483704
2014-12-15,319718.502602
2014-12-16,319719.46206
2014-12-17,319722.887191
2014-12-18,319724.827893
2014-12-19,319726.484339
2014-12-20,319729.029397
2014-12-21,319730.455245
2014-12-22,319730.819428
2014-12-23,319731.842898
2014-12-24,319733.999365
2014-12-25,319733.404359
2014-12-26,319735.601077
2014-12-27,319736.668962
2014-12-28,319736.367492
2014-12-29,319738.219847
2014-12-30,319740.071721
2014-12-31,319740.899754
2015-01-01,319742.761423
2015-01-02,319742.50563
2015-01-03,319744.119308
2015-01-04,319745.161976
2015-01-05,319744.922274
2015-01-06,319745.571297
2015-01-07,319747.179481
2015-01-08,319747.001307
2015-01-09,319747.064761
2015-01-10,319748.645344
2015-01-11,319747.115307
2015-01-12,319746.09879
2015-01-13,319748.435501
2015-01-14,319746.034415
2015-01-15,319745.396615
2015-01-16,319745.985291
2015-01-17,319742.404304
2015-01-18,319740.792528
2015-01-19,319741.731089
2015-01-20,319737.735122
2015-01-21,319738.148827
2015-01-22,319739.81512
2015-01-23,319735.361676
2015-01-24,319733.869039
2015-01-25,319733.370212
2015-01-26,319728.954513
2015-01-27,319727.492816
2015-01-28,319728.346684
2015-01-29,319724.89937
2015-01-30,319722.985863
2015-01-31,319724.297832
2015-02-01,319720.663981
2015-02-02,319719.543767
2015-02-03,319720.232916
2015-02-04,319716.551746
2015-02-05,319714.660033
2015-02-06,319716.571034
2015-02-07,319711.875111
2015-02-08,319709.90339
2015-02-09,319709.483777
2015-02-10,319704.361063
2015-02-11,319703.093693
2015-02-12,319701.261031
2015-02-13,319697.418107
2015-02-14,319696.785714
2015-02-15,319693.761155
2015-02-16,319689.492725
2015-02-17,319689.787953
2015-02-18,319686.372455
2015-02-19,319681.92133
2015-02-20,319681.790077
2015-02-21,319678.161294
2015-02-22,319675.665922
2015-02-23,319675.098593
2015-02-24,319670.265444
2015-02-25,319667.935028
2015-02-26,319666.279721
2015-02-27,319661.155408
2015-02-28,319660.909967
2015-03-01,319657.764066
2015-03-02,319653.212749
2015-03-03,319652.030664
2015-03-04,319648.347629
2015-03-05,319643.959946
2015-03-06,319641.841703
2015-03-07,319638.008211
2015-03-08,319632.963713
2015-03-09,319631.608556
2015-03-10,319628.34851
2015-03-11,319622.188266
2015-03-12,319620.522491
2015-03-13,319617.857118
2015-03-14,319613.92075
2015-03-15,319612.268624
2015-03-16,319610.229917
2015-03-17,319606.256935
2015-03-18,319605.698773
2015-03-19,319603.090463
2015-03-20,319598.032845
2015-03-21,319595.345416
2015-03-22,319592.502185
2015-03-23,319588.610593
2015-03-24,319584.315846
2015-03-25,319581.562182
2015-03-26,319577.952444
2015-03-27,319574.552293
2015-03-28,319571.858552
2015-03-29,319566.910224
2015-03-30,319562.643692
2015-03-31,319558.30902
2015-04-01,319553.004369
2015-04-02,319548.44681
2015-04-03,319542.740525
2015-04-04,319536.795082
2015-04-05,319530.231721
2015-04-06,319524.888931
2015-04-07,319518.835876
2015-04-08,319512.096713
2015-04-09,319505.132361
2015-04-10,319497.415423
2015-04-11,319491.801241
2015-04-12,319486.914181
2015-04-13,319479.935419
2015-04-14,319474.016769
2015-04-15,319469.266371
2015-04-16,319462.84643
2015-04-17,319456.78795
2015-04-18,319451.598547
2015-04-19,319446.487499
2015-04-20,319440.571378
2015-04-21,319436.163519
2015-04-22,319429.686579
2015-04-23,319424.440747
2015-04-24,319421.241532
2015-04-25,319417.50566
2015-04-26,319411.80756
2015-04-27,319408.581972
2015-04-28,319404.989688
2015-04-29,319398.922356
2015-04-30,319394.936655
2015-05-01,319391.105402
2015-05-02,319385.103638
2015-05-03,319382.248391
2015-05-04,319380.082718
2015-05-05,319376.175095
2015-05-06,319374.837061
2015-05-07,319372.307604
2015-05-08,319368.365803
2015-05-09,319366.082644
2015-05-10,319363.901879
2015-05-11,319362.268298
2015-05-12,319359.563103
2015-05-13,319358.659185
2015-05-14,319355.887525
2015-05-15,319352.799452
2015-05-16,319354.415747
2015-05-17,319352.554533
2015-05-18,319351.192508
2015-05-19,319351.964377
2015-05-20,319349.398952
2015-05-21,319348.998075
2015-05-22,319348.118808
2015-05-23,319346.681723
2015-05-24,319345.056313
2015-05-25,319344.744239
2015-05-26,319344.028257
2015-05-27,319343.272431
2015-05-28,319342.680443
2015-05-29,319341.947243
2015-05-30,319340.9758
2015-05-31,319341.600443
2015-06-01,319341.164421
2015-06-02,319341.023313
2015-06-03,319341.722128
2015-06-04,319341.500383
2015-06-05,319343.140428
2015-06-06,319342.406897
2015-06-07,319340.167171
2015-06-08,319341.249889
2015-06-09,319339.648759
2015-06-10,319340.426537
2015-06-11,319342.058555
2015-06-12,319342.243544
2015-06-13,319343.791208
2015-06-14,319346.015399
2015-06-15,319346.197667
2015-06-16,319347.815644
2015-06-17,319349.762272
2015-06-18,319351.059183
2015-06-19,319353.405009
2015-06-20,319355.695214
2015-06-21,319355.547874
2015-06-22,319357.126733
2015-06-23,319358.259767
2015-06-24,319358.803696
2015-06-25,319360.822628
2015-06-26,319363.110905
2015-06-27,319363.026839
2015-06-28,319364.527885
2015-06-29,319367.597491
2015-06-30,319366.253191
2015-07-01,319366.883296
2015-07-02,319369.049452
2015-07-03,319368.820843
2015-07-04,319369.641031
2015-07-05,319371.368944
2015-07-06,319371.090619
2015-07-07,319373.262577
2015-07-08,319373.486543
2015-07-09,319373.339693
2015-07-10,319373.709363
2015-07-11,319374.108764
2015-07-12,319374.028004
2015-07-13,319374.803846
2015-07-14,319375.406588
2015-07-15,319376.447599
2015-07-16,319376.639311
2015-07-17,319376.159802
2015-07-18,319376.987828
2015-07-19,319376.614015
2015-07-20,319375.97645
2015-07-21,319376.862587
2015-07-22,319376.985918
2015-07-23,319377.344889
2015-07-24,319378.361336
2015-07-25,319378.610414
2015-07-26,319379.756427
2015-07-27,319380.653605
2015-07-28,319379.430045
2015-07-29,319380.735279
2015-07-30,319379.999811
2015-07-31,319377.047736
2015-08-01,319377.646475
2015-08-02,319378.164917
2015-08-03,319375.176788
2015-08-04,319376.101446
2015-08-05,319378.854591
2015-08-06,319375.090458
2015-08-07,319376.100648
2015-08-08,319377.821029
2015-08-09,319374.869816
2015-08-10,319377.033402
2015-08-11,319378.468996
2015-08-12,319376.107163
2015-08-13,319377.672972
2015-08-14,319377.912041
2015-08-15,319376.366751
2015-08-16,319378.124394
2015-08-17,319378.611587
2015-08-18,319378.287944
2015-08-19,319379.943749
2015-08-20,319380.722657
2015-08-21,319380.046192
2015-08-22,319381.117031
2015-08-23,319381.896427
2015-08-24,319380.741106
2015-08-25,319382.019533
2015-08-26,319382.466869
2015-08-27,319381.927047
2015-08-28,319381.707149
2015-08-29,319381.431845
2015-08-30,319381.144518
2015-08-31,319380.042817
2015-09-01,319380.072563
2015-09-02,319381.351542
2015-09-03,319382.078076
2015-09-04,319383.514331
2015-09-05,319385.04177
2015-09-06,319385.834611
2015-09-07,319387.915664
2015-09-08,319391.120825
2015-09-09,319392.450505
2015-09-10,319395.404175
2015-09-11,319398.447698
2015-09-12,319398.601012
2015-09-13,319400.177047
2015-09-14,319403.883452
2015-09-15,319405.083979
2015-09-16,319406.415612
2015-09-17,319408.930367
2015-09-18,319409.310306
2015-09-19,319410.071305
2015-09-20,319411.918567
2015-09-21,319414.837278
2015-09-22,319415.400923
2015-09-23,319417.336985
2015-09-24,319419.26136
2015-09-25,319420.249848
2015-09-26,319423.20287
2015-09-27,319422.809545
2015-09-28,319423.784349
2015-09-29,319427.813961
2015-09-30,319426.003065
2015-10-01,319426.436623
2015-10-02,319429.084677
2015-10-03,319427.049023
2015-10-04,319427.888124
2015-10-05,319430.849943
2015-10-06,319428.826218
2015-10-07,319430.530421
2015-10-08,319433.073476
2015-10-09,319432.379904
2015-10-10,319432.347126
2015-10-11,319433.883718
2015-10-12,319433.781907
2015-10-13,319433.529064
2015-10-14,319432.920029
2015-10-15,319433.149393
2015-10-16,319433.369479
2015-10-17,319433.047075
2015-10-18,319434.593193
2015-10-19,319434.305367
2015-10-20,319433.862345
2015-10-21,319435.501326
2015-10-22,319434.346071
2015-10-23,319436.048823
2015-10-24,319437.101068
2015-10-25,319435.169282
2015-10-26,319436.32577
2015-10-27,319437.501902
2015-10-28,319436.444897
2015-10-29,319435.449636
2015-10-30,319436.576091
2015-10-31,319435.715872
2015-11-01,319437.046354
2015-11-02,319438.92005
2015-11-03,319438.028524
2015-11-04,319439.321675
2015-11-05,319440.867228
2015-11-06,319441.580619
2015-11-07,319443.34126
2015-11-08,319443.264022
2015-11-09,319443.689118
2015-11-10,319444.139959
2015-11-11,319444.111515
2015-11-12,319444.420819
2015-11-13,319443.96264
2015-11-14,319444.709989
2015-11-15,319446.171874
2015-11-16,319447.852318
2015-11-17,319448.646531
2015-11-18,319448.803573
2015-11-19,319451.689977
2015-11-20,319452.761416
2015-11-21,319452.910847
2015-11-22,319455.730633
2015-11-23,319456.878549
2015-11-24,319458.284942
2015-11-25,319459.744341
2015-11-26,319459.39839
2015-11-27,319460.891096
2015-11-28,319462.10974
2015-11-29,319462.747745
2015-11-30,319462.916317
2015-12-01,319463.396158
2015-12-02,319463.947993
2015-12-03,319466.40827
2015-12-04,319466.446866
2015-12-05,319465.883012
2015-12-06,319467.497333
2015-12-07,319466.774281
2015-12-08,319465.84038
2015-12-09,319466.409771
2015-12-10,319464.953275
2015-12-11,319464.37068
2015-12-12,319463.239031
2015-12-13,319460.830786
2015-12-14,319458.520617
2015-12-15,319455.97426
2015-12-16,319453.552268
2015-12-17,319451.755976
2015-12-18,319449.83768
2015-12-19,319448.235789
2015-12-20,319446.297878
2015-12-21,319445.007455
2015-12-22,319443.7174
2015-12-23,319441.60159
2015-12-24,319441.015218
2015-12-25,319439.964442
2015-12-26,319435.287405
2015-12-27,319435.047756
2015-12-28,319433.835521
2015-12-29,319429.048523
2015-12-30,319426.978908
2015-12-31,319423.994484
2016-01-01,319420.067989
2016-01-02,319417.883458
2016-01-03,319414.063143
2016-01-04,319409.237038
2016-01-05,319407.062902
2016-01-06,319403.394805
2016-01-07,319399.358364
2016-01-08,319397.458065
2016-01-09,319392.42966
2016-01-10,319388.334213
2016-01-11,319386.669961
2016-01-12,319380.55933
2016-01-13,319374.505627
2016-01-14,319370.705683
2016-01-15,319365.228275
2016-01-16,319357.837726
2016-01-17,319351.634041
2016-01-18,319346.506306
2016-01-19,319338.665859
2016-01-20,319332.305005
2016-01-21,319326.131335
2016-01-22,319319.682727
2016-01-23,319312.28492
2016-01-24,319307.607093
2016-01-25,319301.664655
2016-01-26,319293.96453
2016-01-27,319290.631307
2016-01-28,319284.177856
2016-01-29,319276.707211
2016-01-30,319273.181833
2016-01-31,319267.997781
2016-02-01,319261.413491
2016-02-02,319255.992764
2016-02-03,319251.695658
2016-02-04,319245.58852
2016-02-05,319239.06264
2016-02-06,319234.546761
2016-02-07,319228.129865
2016-02-08,319222.271084
2016-02-09,319218.260363
2016-02-10,319212.951339
2016-02-11,319208.721754
2016-02-12,319202.750466
2016-02-13,319197.26539
2016-02-14,319193.516748
2016-02-15,319188.013388
2016-02-16,319185.870454
2016-02-17,319181.41447
2016-02-18,319176.688357
2016-02-19,319175.64161
2016-02-20,319173.815163
2016-02-21,319170.592229
2016-02-22,319170.638665
2016-02-23,319168.953042
2016-02-24,319167.131803
2016-02-25,319168.424265
2016-02-26,319167.193441
2016-02-27,319168.969657
2016-02-28,319166.900464
2016-02-29,319165.863004
2016-03-01,319169.969473
2016-03-02,319168.444072
2016-03-03,319167.257587
2016-03-04,319170.330417
2016-03-05,319168.594523
2016-03-06,319166.128885
2016-03-07,319167.940361
2016-03-08,319165.285895
2016-03-09,319162.905734
2016-03-10,319164.193168
